,City,Cloudiness,Country,Date,Humidity,Lat,Lng,Max Temp,Wind Speed
0,divnomorskoye,64.0,RU,1514053323.0,100,43.23,37.65,34.0,8.75
1,shelburne,90.0,CA,1514052480.0,100,40.86,-64.23,30.2,9.37
2,butaritari,88.0,KI,1514053324.0,100,16.09,179.33,82.4,18.43
3,merauke,64.0,ID,1514053324.0,91,-9.23,138.73,81.0,8.03
4,broken hill,24.0,AU,1514053324.0,32,-27.82,142.84,67.8,6.29
5,rikitea,100.0,PF,1514053325.0,100,-85.78,-136.38,77.3,10.54
6,sitka,0.0,US,1514053325.0,58,53.84,-138.39,30.9,8.37
7,hermanus,0.0,ZA,1514053325.0,70,-83.49,-2.23,64.2,2.59
8,rikitea,100.0,PF,1514053325.0,100,-43.04,-109.57,77.3,10.54
9,bethel,20.0,US,1514051580.0,64,46.47,-166.14,39.2,27.51
10,yellowknife,90.0,CA,1514052000.0,76,79.80,-102.81,-11.2,4.7
11,castro,68.0,CL,1514053327.0,69,-46.61,-100.06,56.5,4.34
12,rikitea,100.0,PF,1514053325.0,100,-30.37,-114.52,77.3,10.54
13,bethel,20.0,US,1514051580.0,64,58.39,-160.67,39.2,27.51
14,iralaya,75.0,HN,1514048400.0,94,16.37,-82.21,78.8,11.41
16,nizhniy kuranakh,44.0,RU,1514053328.0,54,59.63,125.52,-11.8,5.06
17,saint george,20.0,BM,1514051400.0,74,29.78,-60.60,37.4,9.17
18,talara,0.0,PE,1514048400.0,62,-5.33,-84.86,84.2,12.75
19,taveta,0.0,KE,1514053329.0,36,-2.59,37.99,77.7,12.17
20,albany,90.0,AU,1514052540.0,93,-73.82,119.67,39.2,5.73
22,sahuaripa,0.0,MX,1514053329.0,39,28.69,-109.02,56.4,2.71
23,ushuaia,75.0,AR,1514048400.0,58,-70.42,-50.92,53.6,11.41
24,kavieng,76.0,PG,1514053330.0,100,12.25,153.39,83.7,8.14
25,san policarpo,64.0,PH,1514053330.0,100,13.71,128.02,78.8,12.62
26,puerto ayora,75.0,EC,1514052000.0,61,-19.65,-97.76,80.6,13.87
27,nanortalik,88.0,GL,1514053331.0,95,59.62,-45.51,31.2,8.3
28,quatre cocos,40.0,MU,1514048400.0,88,-16.98,68.59,77.0,5.82
29,ribeira grande,40.0,PT,1514052000.0,88,43.54,-37.70,64.4,13.87
30,rikitea,100.0,PF,1514053325.0,100,-53.86,-128.45,77.3,10.54
32,avarua,75.0,CK,1514052000.0,69,-17.44,-160.65,77.0,10.29
33,busselton,0.0,AU,1514053329.0,100,-42.64,94.95,67.6,18.21
34,hithadhoo,68.0,MV,1514053172.0,100,-2.66,77.42,82.8,4.72
37,hithadhoo,68.0,MV,1514053172.0,100,-3.14,80.33,82.8,4.72
38,esperance,20.0,AU,1514052000.0,62,-38.80,126.43,84.2,14.99
39,punta arenas,75.0,CL,1514048400.0,50,-70.45,-110.80,53.6,41.38
40,albany,90.0,AU,1514052540.0,93,-74.05,98.34,39.2,5.73
41,port hardy,5.0,CA,1514052000.0,63,44.28,-136.28,30.2,4.7
42,uyovu,12.0,TZ,1514053334.0,71,-3.10,31.48,69.8,7.52
43,hay river,75.0,CA,1514052000.0,76,62.78,-116.62,-7.6,3.36
44,puerto ayora,75.0,EC,1514052000.0,61,-1.87,-95.80,80.6,13.87
46,clyde river,90.0,CA,1514051760.0,74,71.30,-86.66,-22.0,5.82
47,ingraj bazar,0.0,IN,1514053335.0,91,24.89,88.18,59.6,2.89
49,taltal,0.0,CL,1514053335.0,49,-24.50,-72.76,73.5,5.61
50,ureki,75.0,GE,1514050200.0,93,41.91,41.63,51.8,14.99
51,harindanga,0.0,IN,1514052000.0,88,21.68,88.41,64.4,3.22
52,puerto ayora,75.0,EC,1514052000.0,61,-0.22,-107.97,80.6,13.87
54,esperance,20.0,AU,1514052000.0,62,-37.91,123.91,84.2,14.99
55,taoudenni,0.0,ML,1514053337.0,23,24.36,-7.80,60.9,16.31
56,port-gentil,75.0,GA,1514052000.0,94,0.99,5.85,75.2,2.24
57,dovers,68.0,VC,1514053337.0,100,12.54,-60.99,78.5,17.65
58,castro,68.0,CL,1514053327.0,69,-52.47,-89.93,56.5,4.34
59,coihaique,40.0,CL,1514048400.0,47,-50.21,-78.97,55.4,10.29
60,avarua,75.0,CK,1514052000.0,69,-25.59,-158.75,77.0,10.29
61,albany,90.0,AU,1514052540.0,93,-86.35,100.45,39.2,5.73
62,tasiilaq,75.0,GL,1514051400.0,79,85.04,-35.86,21.2,3.36
63,severo-kurilsk,56.0,RU,1514053339.0,100,44.54,164.04,23.6,12.1
64,hasaki,20.0,JP,1514050200.0,100,24.34,155.48,32.0,1.12
65,los llanos de aridane,20.0,ES,1514052000.0,55,26.97,-18.02,66.2,8.05
66,nikolskoye,90.0,RU,1514050200.0,92,40.98,174.91,30.2,13.42
67,vaini,0.0,TO,1514053340.0,64,-87.89,-172.79,64.0,3.89
68,pontian kecil,75.0,MY,1514052000.0,74,0.64,103.13,82.4,2.24
69,cape town,0.0,ZA,1514052000.0,68,-53.01,-8.93,64.4,10.29
70,rikitea,100.0,PF,1514053325.0,100,-74.05,-121.08,77.3,10.54
71,yellowknife,90.0,CA,1514052000.0,76,70.13,-105.65,-11.2,4.7
72,iqaluit,20.0,CA,1514052000.0,68,59.48,-65.48,-18.4,4.7
73,bluff,0.0,NZ,1514053341.0,74,-62.31,158.44,71.9,6.4
74,iqaluit,20.0,CA,1514052000.0,68,58.61,-74.39,-18.4,4.7
75,key largo,20.0,US,1514051760.0,74,24.35,-79.66,78.8,8.05
76,dikson,76.0,RU,1514053118.0,100,78.81,70.38,-1.5,27.16
77,bambous virieux,40.0,MU,1514052000.0,94,-22.99,61.89,75.2,6.93
78,baicheng,20.0,CN,1514053342.0,71,45.51,122.75,6.5,10.65
79,suntar,68.0,RU,1514053342.0,51,63.36,116.60,-30.5,3.49
80,launceston,0.0,AU,1514052000.0,66,-41.53,149.18,51.8,12.75
81,albany,90.0,AU,1514052540.0,93,-57.25,126.24,39.2,5.73
82,new norfolk,75.0,AU,1514052000.0,71,-65.55,131.69,51.8,10.29
83,fortuna,20.0,US,1514050200.0,93,39.27,-125.92,57.2,3.36
84,cidreira,92.0,BR,1514053343.0,100,-51.88,-26.34,73.2,5.73
85,aljezur,0.0,PT,1514053343.0,100,35.61,-12.14,57.9,2.82
86,punta arenas,75.0,CL,1514048400.0,50,-61.32,-86.05,53.6,41.38
87,atuona,20.0,PF,1514053344.0,100,-5.34,-124.66,78.8,9.08
88,monroe,90.0,US,1514052000.0,97,48.06,-121.12,33.8,4.7
89,puerto ayora,75.0,EC,1514052000.0,61,-10.91,-97.48,80.6,13.87
90,constitucion,90.0,MX,1514050920.0,39,13.59,-128.42,64.4,2.04
91,vaini,0.0,TO,1514053340.0,64,-64.51,-173.26,64.0,3.89
92,mataura,0.0,PF,1514053334.0,81,-39.91,-152.13,49.9,3.38
93,linjiang,36.0,CN,1514053345.0,71,40.06,127.72,11.1,4.27
94,tasiilaq,75.0,GL,1514051400.0,79,73.50,-32.12,21.2,3.36
95,victoria,75.0,SC,1514050200.0,100,-2.50,60.52,77.0,4.7
96,portland,90.0,AU,1514051760.0,69,-43.18,138.33,37.4,14.99
97,jamestown,8.0,SH,1514053346.0,45,-13.56,-6.48,65.9,8.63
98,jamestown,8.0,SH,1514053346.0,45,-50.08,-13.58,65.9,8.63
99,dikson,76.0,RU,1514053118.0,100,71.17,78.98,-1.5,27.16
100,yalta,48.0,UA,1514053347.0,100,46.26,37.15,32.6,11.95
101,avarua,75.0,CK,1514052000.0,69,-47.79,-167.41,77.0,10.29
102,elizabethtown,90.0,US,1514051760.0,100,37.55,-85.79,51.8,4.7
103,san ramon,75.0,BO,1514048400.0,73,-13.65,-63.86,71.6,9.17
104,rikitea,100.0,PF,1514053325.0,100,-72.19,-125.89,77.3,10.54
105,punta arenas,75.0,CL,1514048400.0,50,-66.28,-101.40,53.6,41.38
106,ushuaia,75.0,AR,1514048400.0,58,-71.49,-64.63,53.6,11.41
107,mar del plata,0.0,AR,1514053348.0,34,-72.62,-18.54,67.7,14.79
108,vaini,0.0,TO,1514053340.0,64,-89.28,-180.00,64.0,3.89
109,beyneu,92.0,KZ,1514053348.0,92,45.61,54.39,23.4,8.08
110,vaini,0.0,TO,1514053340.0,64,-54.58,-173.61,64.0,3.89
111,albany,90.0,AU,1514052540.0,93,-38.53,119.27,39.2,5.73
112,wanning,75.0,CN,1514051400.0,70,17.11,112.71,46.4,24.16
113,ushuaia,75.0,AR,1514048400.0,58,-70.76,-49.90,53.6,11.41
114,kahului,40.0,US,1514051760.0,68,28.35,-151.93,69.8,6.93
115,barrow,0.0,US,1514053349.0,45,81.58,-147.78,68.0,16.35
116,norman wells,40.0,CA,1514052000.0,76,63.16,-123.45,-5.8,2.24
117,port alfred,88.0,ZA,1514053156.0,91,-68.70,35.17,68.6,9.64
118,kapaa,20.0,US,1514051760.0,100,32.77,-177.43,64.4,5.82
119,dakar,76.0,SN,1514052000.0,60,13.14,-19.23,68.0,12.75
120,albany,90.0,AU,1514052540.0,93,-74.57,96.06,39.2,5.73
121,laguna,75.0,BR,1514051160.0,32,-38.56,-36.87,69.8,11.41
122,tornio,90.0,FI,1514051400.0,88,66.33,23.94,33.8,13.87
123,busselton,0.0,AU,1514053329.0,100,-53.11,104.33,67.6,18.21
124,albany,90.0,AU,1514052540.0,93,-80.16,102.26,39.2,5.73
125,mataura,0.0,PF,1514053334.0,81,-53.65,-146.45,49.9,3.38
126,miyazu,24.0,JP,1514053351.0,73,35.58,135.03,20.4,2.55
127,tarko-sale,92.0,RU,1514053351.0,86,64.65,77.62,18.2,12.84
128,busselton,0.0,AU,1514053329.0,100,-62.33,90.84,67.6,18.21
129,lavrentiya,92.0,RU,1514053352.0,90,71.18,-167.06,32.6,28.66
131,ercis,75.0,TR,1514051400.0,100,39.46,43.51,46.4,21.92
132,lompoc,1.0,US,1514051880.0,29,19.60,-130.31,57.2,4.7
133,ribeira grande,40.0,PT,1514052000.0,88,35.20,-30.57,64.4,13.87
134,borsa,64.0,RO,1514053309.0,74,47.83,24.87,13.9,2.04
135,jiaocheng,0.0,CN,1514053353.0,84,26.73,119.34,47.4,3.49
136,hermanus,0.0,ZA,1514053325.0,70,-74.57,6.36,64.2,2.59
137,broome,75.0,AU,1514051760.0,93,-14.88,119.17,48.2,11.41
138,nago,40.0,JP,1514051400.0,86,28.88,126.19,39.2,2.24
139,ushuaia,75.0,AR,1514048400.0,58,-66.01,-54.83,53.6,11.41
141,hermanus,0.0,ZA,1514053325.0,70,-75.57,-4.35,64.2,2.59
142,rikitea,100.0,PF,1514053325.0,100,-64.08,-132.77,77.3,10.54
143,ushuaia,75.0,AR,1514048400.0,58,-78.14,-41.60,53.6,11.41
144,cape town,0.0,ZA,1514052000.0,68,-41.18,5.20,64.4,10.29
145,cape town,0.0,ZA,1514052000.0,68,-64.52,-2.37,64.4,10.29
146,les cayes,20.0,HT,1514053354.0,99,16.24,-74.74,82.1,7.36
147,butaritari,88.0,KI,1514053324.0,100,24.69,167.15,82.4,18.43
148,mataura,0.0,PF,1514053334.0,81,-79.35,-141.79,49.9,3.38
149,busselton,0.0,AU,1514053329.0,100,-88.68,82.86,67.6,18.21
150,ponta do sol,92.0,CV,1514053355.0,78,22.96,-30.95,77.2,6.24
152,ushuaia,75.0,AR,1514048400.0,58,-67.01,-46.88,53.6,11.41
153,rawson,0.0,AR,1514053355.0,34,-47.88,-60.97,67.8,10.83
154,fairbanks,1.0,US,1514051880.0,83,62.19,-143.11,-7.6,7.29
155,tuktoyaktuk,40.0,CA,1514052000.0,92,80.98,-139.84,12.2,16.11
156,rikitea,100.0,PF,1514053325.0,100,-57.29,-115.45,77.3,10.54
157,esperance,20.0,AU,1514052000.0,62,-27.61,122.13,84.2,14.99
158,rikitea,100.0,PF,1514053325.0,100,-33.66,-128.96,77.3,10.54
159,ushuaia,75.0,AR,1514048400.0,58,-81.49,-54.86,53.6,11.41
160,am timan,0.0,TD,1514053356.0,26,11.17,19.22,83.0,5.28
161,viedma,0.0,AR,1514053356.0,30,-44.93,-58.50,67.9,11.16
162,busselton,0.0,AU,1514053329.0,100,-69.91,79.86,67.6,18.21
163,rikitea,100.0,PF,1514053325.0,100,-16.78,-121.25,77.3,10.54
164,severo-kurilsk,56.0,RU,1514053339.0,100,40.60,162.02,23.6,12.1
165,oussouye,48.0,SN,1514048400.0,37,10.23,-20.23,84.2,6.93
166,tasiilaq,75.0,GL,1514051400.0,79,81.77,-36.10,21.2,3.36
167,esperance,20.0,AU,1514052000.0,62,-44.58,125.20,84.2,14.99
168,busselton,0.0,AU,1514053329.0,100,-88.33,77.35,67.6,18.21
169,cherskiy,76.0,RU,1514053357.0,72,66.12,158.74,-24.6,3.83
170,adrar,0.0,DZ,1514052000.0,22,31.07,-0.95,55.4,6.93
171,san quintin,0.0,MX,1514053358.0,87,24.34,-121.99,70.1,2.89
172,pacifica,75.0,US,1514051760.0,66,35.37,-128.94,48.2,4.7
173,mataura,0.0,PF,1514053334.0,81,-66.81,-141.60,49.9,3.38
174,bethel,20.0,US,1514051580.0,64,53.84,-169.43,39.2,27.51
175,apac,64.0,UG,1514053359.0,41,1.90,32.41,81.7,11.16
176,sao joao da barra,0.0,BR,1514048400.0,52,-25.43,-36.88,89.6,23.04
177,juneau,1.0,US,1514051760.0,100,57.16,-133.04,15.8,8.86
178,ceuta,68.0,ES,1514053359.0,49,35.95,-5.16,80.3,2.82
179,chuy,92.0,UY,1514053360.0,88,-51.61,-36.52,72.6,20.38
181,atuona,20.0,PF,1514053344.0,100,-7.83,-118.16,78.8,9.08
182,umm lajj,8.0,SA,1514053216.0,100,23.87,38.20,67.6,3.38
183,cabo san lucas,20.0,MX,1514051220.0,38,18.87,-115.83,75.2,16.11
184,keflavik,75.0,IS,1514050200.0,100,64.26,-22.56,35.6,3.36
185,zakupne,88.0,UA,1514053361.0,87,49.33,26.39,30.8,10.04
186,punta arenas,75.0,CL,1514048400.0,50,-81.24,-89.55,53.6,41.38
187,pacific grove,1.0,US,1514051700.0,42,29.55,-130.37,46.4,14.99
188,cape town,0.0,ZA,1514052000.0,68,-70.40,-7.51,64.4,10.29
189,zhigansk,12.0,RU,1514053361.0,92,70.35,124.12,-40.9,4.23
190,leh,68.0,IN,1514053362.0,75,33.04,79.04,-13.8,0.81
191,brandfort,0.0,ZA,1514052000.0,58,-28.60,26.49,77.0,4.7
192,qaanaaq,0.0,GL,1514053362.0,100,78.54,-84.75,-11.5,9.53
193,rockland,90.0,US,1514053140.0,94,42.95,-69.14,37.4,4.7
194,new norfolk,75.0,AU,1514052000.0,71,-78.64,130.83,51.8,10.29
195,dikson,76.0,RU,1514053118.0,100,86.86,81.73,-1.5,27.16
196,sayyan,0.0,YE,1514053363.0,65,15.61,46.95,34.0,3.22
197,mataura,0.0,PF,1514053334.0,81,-58.03,-151.07,49.9,3.38
198,nikolskoye,90.0,RU,1514050200.0,92,34.32,174.41,30.2,13.42
199,petropavlovsk-kamchatskiy,0.0,RU,1514048400.0,77,53.17,159.41,-2.2,8.95
200,catalina,40.0,CA,1514052000.0,56,48.64,-52.34,93.2,8.08
201,ushuaia,75.0,AR,1514048400.0,58,-66.42,-50.01,53.6,11.41
202,barra do garcas,92.0,BR,1514053364.0,96,-14.55,-52.85,79.6,7.63
203,albany,90.0,AU,1514052540.0,93,-65.83,115.02,39.2,5.73
204,nouadhibou,0.0,MR,1514052000.0,39,20.17,-19.02,66.2,11.41
205,castro,68.0,CL,1514053327.0,69,-49.36,-105.37,56.5,4.34
206,bethel,20.0,US,1514051580.0,64,58.32,-167.61,39.2,27.51
207,puro,64.0,PH,1514053365.0,93,17.66,118.61,77.6,7.52
208,mataura,0.0,PF,1514053334.0,81,-83.01,-146.69,49.9,3.38
209,atuona,20.0,PF,1514053344.0,100,-8.53,-140.35,78.8,9.08
210,mar del plata,0.0,AR,1514053348.0,34,-52.10,-42.85,67.7,14.79
211,orel-izumrud,90.0,RU,1514050200.0,87,42.44,39.46,46.4,8.95
212,albany,90.0,AU,1514052540.0,93,-76.74,96.72,39.2,5.73
213,puerto ayora,75.0,EC,1514052000.0,61,-4.91,-106.26,80.6,13.87
214,port alfred,88.0,ZA,1514053156.0,91,-41.94,28.57,68.6,9.64
215,punta arenas,75.0,CL,1514048400.0,50,-73.81,-96.17,53.6,41.38
216,egvekinot,80.0,RU,1514053366.0,90,61.14,-179.31,25.8,14.9
217,achit,80.0,RU,1514053367.0,84,56.96,57.89,16.6,11.83
218,shahreza,48.0,IR,1514053367.0,42,32.39,52.81,33.6,3.49
219,georgetown,40.0,SH,1514048400.0,58,-18.11,-20.47,87.8,13.87
220,cooma,24.0,AU,1514053367.0,63,-36.41,148.12,57.9,3.56
221,yumen,0.0,CN,1514053367.0,61,43.85,97.43,10.6,6.02
222,severo-kurilsk,56.0,RU,1514053339.0,100,46.10,154.91,23.6,12.1
223,talnakh,32.0,RU,1514053368.0,78,74.73,87.32,-25.9,6.58
224,hobart,75.0,AU,1514052000.0,71,-80.85,133.69,51.8,10.29
225,hermanus,0.0,ZA,1514053325.0,70,-74.25,8.09,64.2,2.59
226,mar del plata,0.0,AR,1514053348.0,34,-49.64,-42.60,67.7,14.79
227,ushuaia,75.0,AR,1514048400.0,58,-59.27,-52.67,53.6,11.41
228,garden city,90.0,US,1514051760.0,100,38.91,-101.55,51.8,4.7
229,avarua,75.0,CK,1514052000.0,69,-50.01,-164.35,77.0,10.29
230,itarema,76.0,BR,1514053369.0,66,9.85,-38.23,85.2,15.79
231,mantua,40.0,CU,1514051700.0,86,23.51,-85.71,39.2,2.24
232,ushuaia,75.0,AR,1514048400.0,58,-85.34,-29.68,53.6,11.41
233,rikitea,100.0,PF,1514053325.0,100,-44.90,-127.68,77.3,10.54
234,baherden,20.0,TM,1514053370.0,83,39.16,56.62,45.5,5.01
235,hobart,75.0,AU,1514052000.0,71,-43.82,156.62,51.8,10.29
236,mataura,0.0,PF,1514053334.0,81,-86.45,-155.92,49.9,3.38
238,port elizabeth,75.0,ZA,1514052420.0,87,-85.62,32.65,55.4,4.7
239,ugoofaaru,68.0,MV,1514053371.0,100,5.52,72.59,82.2,14.18
242,koulikoro,0.0,ML,1514052000.0,16,12.74,-6.93,73.4,8.05
243,yellowknife,90.0,CA,1514052000.0,76,80.08,-103.04,-11.2,4.7
244,georgetown,40.0,SH,1514048400.0,58,-16.67,-19.86,87.8,13.87
247,kapaa,20.0,US,1514051760.0,100,20.50,-162.43,64.4,5.82
248,mataura,0.0,PF,1514053334.0,81,-65.70,-151.89,49.9,3.38
249,caravelas,0.0,BR,1514053372.0,100,-20.81,-24.28,79.4,12.39
250,hobart,75.0,AU,1514052000.0,71,-84.77,141.54,51.8,10.29
251,taltal,0.0,CL,1514053335.0,49,-24.31,-75.57,73.5,5.61
252,sao filipe,76.0,CV,1514053373.0,90,12.77,-24.09,75.3,17.2
253,albany,90.0,AU,1514052540.0,93,-67.93,103.26,39.2,5.73
254,ushuaia,75.0,AR,1514048400.0,58,-81.13,-45.80,53.6,11.41
255,portland,90.0,AU,1514051760.0,69,-43.95,139.28,37.4,14.99
257,muisne,92.0,EC,1514053373.0,85,1.22,-81.51,77.6,6.4
258,provideniya,88.0,RU,1514053373.0,100,64.65,-175.49,30.4,11.16
259,nhulunbuy,100.0,AU,1514052000.0,94,-12.29,139.92,78.8,9.53
260,omboue,76.0,GA,1514053374.0,100,-4.81,5.59,80.2,7.92
261,naze,48.0,JP,1514053374.0,96,21.37,140.45,74.7,3.89
262,saint george,20.0,BM,1514051400.0,74,30.47,-49.28,37.4,9.17
263,rikitea,100.0,PF,1514053325.0,100,-56.24,-140.98,77.3,10.54
264,bredasdorp,0.0,ZA,1514052000.0,56,-59.11,16.40,68.0,9.17
265,santa maria,92.0,CV,1514053295.0,100,17.65,-20.79,68.7,5.91
266,chitral,0.0,PK,1514053376.0,81,36.39,72.54,5.6,1.48
267,aksarka,68.0,RU,1514053376.0,90,68.01,68.74,16.9,8.3
268,ushuaia,75.0,AR,1514048400.0,58,-85.18,-37.27,53.6,11.41
269,hermanus,0.0,ZA,1514053325.0,70,-81.83,11.72,64.2,2.59
270,kapaa,20.0,US,1514051760.0,100,28.29,-156.01,64.4,5.82
271,esperance,20.0,AU,1514052000.0,62,-37.04,123.46,84.2,14.99
272,katiola,0.0,CI,1514048400.0,20,8.20,-4.75,86.0,6.93
273,thompson,5.0,CA,1514048400.0,67,58.20,-91.91,-27.4,8.05
274,iqaluit,20.0,CA,1514052000.0,68,58.18,-67.41,-18.4,4.7
275,castro,68.0,CL,1514053327.0,69,-50.60,-103.40,56.5,4.34
276,mataura,0.0,PF,1514053334.0,81,-26.94,-142.82,49.9,3.38
277,lavrentiya,92.0,RU,1514053352.0,90,77.90,-169.10,32.6,28.66
278,georgetown,40.0,SH,1514048400.0,58,-17.29,-16.09,87.8,13.87
279,yellowknife,90.0,CA,1514052000.0,76,67.40,-110.75,-11.2,4.7
280,busselton,0.0,AU,1514053329.0,100,-75.72,89.76,67.6,18.21
281,praia da vitoria,40.0,PT,1514052000.0,88,39.32,-25.99,62.6,9.42
282,tasiilaq,75.0,GL,1514051400.0,79,84.61,-38.99,21.2,3.36
283,cape town,0.0,ZA,1514052000.0,68,-65.90,-0.62,64.4,10.29
284,sorland,48.0,NO,1514053378.0,100,71.68,9.67,39.7,20.04
285,fort nelson,20.0,CA,1514052000.0,84,62.75,-120.89,-2.2,3.36
286,east london,90.0,ZA,1514052000.0,100,-57.24,47.91,64.4,10.29
287,vaini,0.0,TO,1514053340.0,64,-68.11,-179.14,64.0,3.89
289,provideniya,88.0,RU,1514053373.0,100,47.74,-177.64,30.4,11.16
290,barcelos,0.0,BR,1514052000.0,62,-1.95,-63.94,53.6,6.93
291,gubkinskiy,88.0,RU,1514053379.0,87,65.01,76.09,17.8,12.84
293,saint-philippe,90.0,RE,1514052840.0,92,-69.77,73.94,28.4,14.99
294,mahajanga,75.0,MG,1514052000.0,83,-17.00,45.01,82.4,7.02
295,naze,48.0,JP,1514053374.0,96,26.76,131.85,74.7,3.89
296,punta arenas,75.0,CL,1514048400.0,50,-59.78,-93.74,53.6,41.38
298,tuatapere,20.0,NZ,1514053380.0,92,-55.24,157.21,59.1,9.37
299,hovd,75.0,MN,1514051400.0,80,46.24,102.94,35.6,9.17
300,port alfred,88.0,ZA,1514053156.0,91,-67.15,43.02,68.6,9.64
301,buin,0.0,PG,1514048400.0,21,-8.34,153.03,84.2,13.87
302,atar,0.0,MR,1514053378.0,16,22.87,-14.66,63.9,10.6
303,new norfolk,75.0,AU,1514052000.0,71,-46.60,143.02,51.8,10.29
304,mataura,0.0,PF,1514053334.0,81,-72.91,-147.07,49.9,3.38
306,katsuura,76.0,JP,1514053382.0,93,18.71,150.70,36.6,3.04
307,ushuaia,75.0,AR,1514048400.0,58,-82.69,-57.03,53.6,11.41
308,bluff,0.0,NZ,1514053341.0,74,-80.81,163.82,71.9,6.4
309,maningrida,100.0,AU,1514053382.0,86,-9.04,133.35,81.7,17.43
310,genhe,0.0,CN,1514053382.0,65,50.46,121.65,-16.5,4.79
311,airai,68.0,PW,1514053343.0,94,12.92,134.22,69.1,1.59
312,middlebury,90.0,US,1514051940.0,100,44.14,-73.45,35.6,3.36
313,airai,68.0,PW,1514053343.0,94,18.60,144.76,69.1,1.59
316,jalu,0.0,LY,1514053379.0,60,26.55,22.76,56.4,12.17
317,yar-sale,80.0,RU,1514053384.0,95,72.24,74.02,18.1,10.76
318,grand gaube,40.0,MU,1514052000.0,94,-13.88,67.62,75.2,6.93
319,hermanus,0.0,ZA,1514053325.0,70,-79.49,10.54,64.2,2.59
320,kruisfontein,12.0,ZA,1514053385.0,85,-60.37,26.98,64.8,10.87
321,hobart,75.0,AU,1514052000.0,71,-70.45,139.77,51.8,10.29
322,norman wells,40.0,CA,1514052000.0,76,87.83,-115.50,-5.8,2.24
323,rikitea,100.0,PF,1514053325.0,100,-70.28,-134.24,77.3,10.54
324,souillac,90.0,MU,1514052000.0,76,-28.89,62.24,50.0,4.7
325,alta floresta,80.0,BR,1514053385.0,79,-9.77,-54.88,82.8,2.89
327,veraval,90.0,IN,1514052000.0,100,17.71,67.75,48.2,6.93
328,rikitea,100.0,PF,1514053325.0,100,-26.06,-141.15,77.3,10.54
329,torbay,90.0,CA,1514052000.0,92,49.48,-48.49,26.6,6.93
330,rikitea,100.0,PF,1514053325.0,100,-34.13,-118.85,77.3,10.54
331,verkhnyaya sinyachikha,64.0,RU,1514053386.0,73,58.10,61.89,17.4,7.02
332,hamilton,75.0,BM,1514051700.0,64,28.75,-68.56,71.6,11.41
333,adrar,0.0,DZ,1514052000.0,22,31.52,-0.57,55.4,6.93
334,mar del plata,0.0,AR,1514053348.0,34,-54.45,-37.25,67.7,14.79
336,san patricio,92.0,MX,1514053387.0,100,13.24,-111.86,75.4,3.04
337,karratha,12.0,AU,1514053387.0,80,-20.04,113.56,78.7,6.91
338,cabo san lucas,20.0,MX,1514051220.0,38,9.82,-124.10,75.2,16.11
339,ushuaia,75.0,AR,1514048400.0,58,-72.88,-37.94,53.6,11.41
340,albany,90.0,AU,1514052540.0,93,-66.10,122.42,39.2,5.73
341,vaini,0.0,TO,1514053340.0,64,-34.80,-174.87,64.0,3.89
342,nome,1.0,US,1514051700.0,61,72.52,-165.61,51.8,9.17
343,khatanga,0.0,RU,1514053388.0,64,89.76,107.63,-34.5,3.49
344,busselton,0.0,AU,1514053329.0,100,-65.02,98.54,67.6,18.21
345,ostrovnoy,24.0,RU,1514053387.0,76,69.72,38.41,14.1,10.16
346,westport,75.0,NZ,1514050200.0,87,-37.83,168.39,51.8,11.41
347,cap-aux-meules,75.0,CA,1514052000.0,73,47.97,-61.99,26.6,9.17
348,castro,68.0,CL,1514053327.0,69,-46.05,-97.42,56.5,4.34
350,barrow,0.0,US,1514053349.0,45,88.55,-163.77,68.0,16.35
351,kenai,1.0,US,1514051760.0,73,62.57,-155.12,26.6,16.11
352,hasaki,20.0,JP,1514050200.0,100,35.77,142.32,32.0,1.12
353,klaksvik,32.0,FO,1514051400.0,86,76.46,-2.80,41.0,17.22
354,kununurra,90.0,AU,1514052180.0,94,-17.99,128.35,80.6,3.36
357,kaitangata,48.0,NZ,1514053390.0,83,-52.87,171.61,53.7,3.27
358,avarua,75.0,CK,1514052000.0,69,-45.07,-160.74,77.0,10.29
359,albany,90.0,AU,1514052540.0,93,-85.46,101.04,39.2,5.73
360,kapaa,20.0,US,1514051760.0,100,9.98,-169.36,64.4,5.82
361,tabat,64.0,SD,1514053391.0,92,14.82,33.07,77.1,2.82
362,beloha,0.0,MG,1514053391.0,75,-34.85,40.92,75.9,9.42
363,puerto ayora,75.0,EC,1514052000.0,61,-15.50,-98.18,80.6,13.87
364,mombetsu,8.0,JP,1514053391.0,100,44.79,143.07,28.9,6.85
365,lensk,56.0,RU,1514053392.0,72,59.77,115.17,-11.2,3.04
366,olenegorsk,64.0,RU,1514053392.0,86,68.25,33.38,7.8,2.89
367,grindavik,75.0,IS,1514050200.0,100,54.16,-24.70,35.6,3.36
368,barrow,0.0,US,1514053349.0,45,76.18,-147.02,68.0,16.35
369,torbay,90.0,CA,1514052000.0,92,33.57,-44.45,26.6,6.93
370,mar del plata,0.0,AR,1514053348.0,34,-52.26,-50.03,67.7,14.79
371,hilo,20.0,US,1514051760.0,56,7.78,-154.51,73.4,9.17
372,san cristobal,40.0,EC,1514052000.0,43,-10.22,-91.58,69.8,20.8
373,thompson,5.0,CA,1514048400.0,67,78.70,-96.39,-27.4,8.05
374,dedovichi,88.0,RU,1514053393.0,90,57.35,29.87,31.5,22.39
375,danville,90.0,US,1514051700.0,72,36.76,-78.89,68.0,13.87
376,nueva imperial,0.0,CL,1514053394.0,65,-38.66,-72.94,62.7,12.1
377,new norfolk,75.0,AU,1514052000.0,71,-46.02,143.73,51.8,10.29
378,okha,0.0,RU,1514053394.0,87,54.20,142.13,-6.2,12.33
379,thompson,5.0,CA,1514048400.0,67,66.46,-95.38,-27.4,8.05
380,hilo,20.0,US,1514051760.0,56,17.04,-134.39,73.4,9.17
381,punta arenas,75.0,CL,1514048400.0,50,-85.08,-122.91,53.6,41.38
382,mocuba,44.0,MZ,1514053395.0,96,-18.19,38.77,76.2,3.0
383,shakawe,36.0,BW,1514053395.0,93,-19.03,21.37,73.1,3.0
384,hermanus,0.0,ZA,1514053325.0,70,-60.46,13.80,64.2,2.59
385,yellowknife,90.0,CA,1514052000.0,76,81.22,-99.13,-11.2,4.7
386,bonavista,12.0,CA,1514053396.0,100,51.12,-52.45,28.8,8.37
387,rikitea,100.0,PF,1514053325.0,100,-48.64,-111.45,77.3,10.54
388,saskylakh,68.0,RU,1514053396.0,62,82.56,117.33,-13.3,8.75
389,lebu,0.0,CL,1514053396.0,83,-36.08,-95.76,35.1,2.89
390,saint-philippe,90.0,RE,1514052840.0,92,-51.37,64.12,28.4,14.99
391,caborca,0.0,MX,1514053396.0,32,29.90,-112.57,55.8,4.12
392,jamestown,8.0,SH,1514053346.0,45,-34.19,-6.55,65.9,8.63
393,castro,68.0,CL,1514053327.0,69,-47.20,-82.84,56.5,4.34
395,port alfred,88.0,ZA,1514053156.0,91,-89.50,49.09,68.6,9.64
396,praia da vitoria,40.0,PT,1514052000.0,88,44.92,-22.90,62.6,9.42
397,aklavik,75.0,CA,1514052000.0,85,78.93,-143.93,15.8,10.29
398,busselton,0.0,AU,1514053329.0,100,-65.47,78.74,67.6,18.21
399,ilulissat,75.0,GL,1514051400.0,61,69.44,-46.30,17.6,8.05
400,albany,90.0,AU,1514052540.0,93,-39.53,120.24,39.2,5.73
401,kodiak,90.0,US,1514050320.0,79,43.49,-153.12,24.8,5.82
402,atuona,20.0,PF,1514053344.0,100,8.33,-131.64,78.8,9.08
403,severo-kurilsk,56.0,RU,1514053339.0,100,47.62,156.89,23.6,12.1
404,te anau,20.0,NZ,1514053398.0,85,-42.86,166.30,43.8,3.49
405,tasiilaq,75.0,GL,1514051400.0,79,70.41,-31.32,21.2,3.36
406,bethel,20.0,US,1514051580.0,64,52.74,-166.59,39.2,27.51
407,victoria,75.0,SC,1514050200.0,100,0.59,54.65,77.0,4.7
408,xifeng,24.0,CN,1514053398.0,71,42.14,125.04,17.6,4.79
409,ariquemes,68.0,BR,1514053398.0,75,-10.15,-62.99,83.9,2.89
410,ushuaia,75.0,AR,1514048400.0,58,-65.34,-41.07,53.6,11.41
412,broken hill,24.0,AU,1514053324.0,32,-26.88,140.82,67.8,6.29
413,aksarka,68.0,RU,1514053376.0,90,64.43,68.81,16.9,8.3
414,sitka,0.0,US,1514053325.0,58,48.52,-143.10,30.9,8.37
415,esperance,20.0,AU,1514052000.0,62,-30.25,124.64,84.2,14.99
417,port shepstone,44.0,ZA,1514053399.0,89,-32.79,34.06,72.8,10.54
418,punta arenas,75.0,CL,1514048400.0,50,-73.30,-116.45,53.6,41.38
419,punta arenas,75.0,CL,1514048400.0,50,-61.05,-110.61,53.6,41.38
420,bara,32.0,SD,1514053400.0,23,15.44,28.73,85.2,8.81
421,oistins,40.0,BB,1514052000.0,70,11.63,-57.35,84.2,21.92
422,mahebourg,40.0,MU,1514052000.0,94,-49.92,77.57,75.2,6.93
423,sao filipe,76.0,CV,1514053373.0,90,6.70,-30.24,75.3,17.2
424,dali,0.0,CN,1514053401.0,100,27.33,98.63,35.2,1.81
425,ushuaia,75.0,AR,1514048400.0,58,-86.42,-83.93,53.6,11.41
426,hobart,75.0,AU,1514052000.0,71,-86.77,145.02,51.8,10.29
427,leningradskiy,88.0,RU,1514053401.0,100,84.54,178.49,8.7,3.71
428,arraial do cabo,0.0,BR,1514052000.0,70,-55.17,-20.60,89.6,23.04
429,san patricio,92.0,MX,1514053387.0,100,15.18,-109.38,75.4,3.04
430,pevek,80.0,RU,1514053402.0,95,88.99,172.86,-5.3,7.81
431,cap malheureux,40.0,MU,1514052000.0,94,-17.69,56.35,75.2,6.93
433,kutum,0.0,SD,1514053142.0,29,15.35,25.85,66.1,8.3
434,port elizabeth,75.0,ZA,1514052420.0,87,-46.41,28.57,55.4,4.7
435,barrow,0.0,US,1514053349.0,45,77.39,-160.48,68.0,16.35
436,gushikawa,75.0,JP,1514051760.0,82,24.05,131.27,69.8,10.29
437,sitka,0.0,US,1514053325.0,58,41.73,-143.55,30.9,8.37
438,nikolskoye,90.0,RU,1514050200.0,92,52.85,169.19,30.2,13.42
439,cape town,0.0,ZA,1514052000.0,68,-54.83,-4.18,64.4,10.29
440,mitu,12.0,CO,1514053403.0,38,1.46,-70.81,49.9,9.31
441,cayenne,80.0,GF,1514052000.0,83,10.41,-44.60,80.6,12.75
442,airai,68.0,PW,1514053343.0,94,10.02,136.93,69.1,1.59
443,kapaa,20.0,US,1514051760.0,100,28.78,-173.40,64.4,5.82
444,albany,90.0,AU,1514052540.0,93,-62.19,115.86,39.2,5.73
445,rikitea,100.0,PF,1514053325.0,100,-81.69,-134.53,77.3,10.54
446,upernavik,56.0,GL,1514053404.0,100,84.32,-51.99,13.2,3.78
447,torbay,90.0,CA,1514052000.0,92,39.35,-44.00,26.6,6.93
449,bluff,0.0,NZ,1514053341.0,74,-86.42,153.39,71.9,6.4
450,mataura,0.0,PF,1514053334.0,81,-71.73,-161.94,49.9,3.38
451,port alfred,88.0,ZA,1514053156.0,91,-77.28,37.84,68.6,9.64
453,mount isa,75.0,AU,1514052000.0,61,-23.95,138.38,78.8,9.26
454,cabo san lucas,20.0,MX,1514051220.0,38,17.89,-110.76,75.2,16.11
455,tuktoyaktuk,40.0,CA,1514052000.0,92,87.47,-133.50,12.2,16.11
456,bosaso,0.0,SO,1514053405.0,99,10.19,47.92,76.0,13.85
458,amahai,56.0,ID,1514053405.0,100,-3.90,129.99,80.9,7.4
459,hermanus,0.0,ZA,1514053325.0,70,-57.89,14.10,64.2,2.59
460,hobart,75.0,AU,1514052000.0,71,-89.10,148.09,51.8,10.29
461,ushuaia,75.0,AR,1514048400.0,58,-88.89,-26.32,53.6,11.41
462,shirokiy,64.0,RU,1514053406.0,95,65.85,147.97,20.9,8.86
463,busselton,0.0,AU,1514053329.0,100,-78.58,89.02,67.6,18.21
464,vaini,0.0,TO,1514053340.0,64,-29.09,-169.31,64.0,3.89
465,antalaha,92.0,MG,1514053406.0,89,-13.93,54.23,78.5,5.23
466,lakes entrance,0.0,AU,1514053336.0,71,-38.56,149.59,66.2,4.61
467,port elizabeth,75.0,ZA,1514052420.0,87,-67.63,30.55,55.4,4.7
468,mahebourg,40.0,MU,1514052000.0,94,-32.51,67.02,75.2,6.93
469,iqaluit,20.0,CA,1514052000.0,68,63.03,-68.98,-18.4,4.7
470,hermanus,0.0,ZA,1514053325.0,70,-80.02,8.33,64.2,2.59
471,aklavik,75.0,CA,1514052000.0,85,73.10,-142.60,15.8,10.29
472,ushuaia,75.0,AR,1514048400.0,58,-52.14,-57.27,53.6,11.41
473,kidal,44.0,ML,1514053407.0,23,18.15,3.36,64.5,9.82
474,kununurra,90.0,AU,1514052180.0,94,-19.57,126.85,80.6,3.36
475,henties bay,56.0,NA,1514053407.0,94,-23.11,5.30,62.7,6.85
476,torbay,90.0,CA,1514052000.0,92,34.23,-44.11,26.6,6.93
477,kodiak,90.0,US,1514050320.0,79,51.53,-159.24,24.8,5.82
479,jutai,68.0,BR,1514053407.0,84,-6.05,-67.80,81.6,4.38
480,kodiak,90.0,US,1514050320.0,79,42.41,-160.16,24.8,5.82
481,bredasdorp,0.0,ZA,1514052000.0,56,-63.22,15.92,68.0,9.17
482,ponta do sol,92.0,CV,1514053355.0,78,21.65,-25.90,77.2,6.24
483,hermanus,0.0,ZA,1514053325.0,70,-77.00,10.47,64.2,2.59
485,buta,0.0,CD,1514053408.0,58,1.88,25.22,83.5,2.89
486,kerugoya,8.0,KE,1514053408.0,72,-0.30,37.35,58.5,3.27
487,longyearbyen,75.0,SJ,1514051400.0,93,89.82,23.48,32.0,17.22
488,yellowknife,90.0,CA,1514052000.0,76,85.69,-100.29,-11.2,4.7
489,hermanus,0.0,ZA,1514053325.0,70,-76.12,7.05,64.2,2.59
490,rikitea,100.0,PF,1514053325.0,100,-38.90,-122.05,77.3,10.54
491,bathsheba,40.0,BB,1514052000.0,70,20.00,-47.24,84.2,21.92
492,butaritari,88.0,KI,1514053324.0,100,24.89,170.16,82.4,18.43
493,rikitea,100.0,PF,1514053325.0,100,-78.99,-137.68,77.3,10.54
494,kapaa,20.0,US,1514051760.0,100,17.98,-177.02,64.4,5.82
495,presidencia roque saenz pena,68.0,AR,1514053409.0,86,-28.20,-61.63,78.9,18.37
496,clyde river,90.0,CA,1514051760.0,74,69.39,-83.78,-22.0,5.82
497,arraial do cabo,0.0,BR,1514052000.0,70,-31.21,-29.34,89.6,23.04
498,mar del plata,0.0,AR,1514053348.0,34,-41.98,-53.19,67.7,14.79
500,shingu,80.0,JP,1514053384.0,100,28.94,137.18,54.2,5.12
501,sao filipe,76.0,CV,1514053373.0,90,11.21,-36.24,75.3,17.2
502,tingo maria,20.0,PE,1514052000.0,62,-8.81,-76.01,84.2,1.99
503,zalegoshch,68.0,RU,1514053411.0,91,53.06,36.80,21.9,7.58
504,lebu,0.0,CL,1514053396.0,83,-35.61,-90.36,35.1,2.89
506,sur,0.0,OM,1514053411.0,100,15.45,63.65,69.9,3.0
507,barrow,0.0,US,1514053349.0,45,73.36,-164.93,68.0,16.35
508,butaritari,88.0,KI,1514053324.0,100,8.39,174.99,82.4,18.43
510,aberdeen,1.0,US,1514051580.0,67,45.64,-98.78,17.6,9.17
511,thompson,5.0,CA,1514048400.0,67,60.40,-98.94,-27.4,8.05
512,hobart,75.0,AU,1514052000.0,71,-77.23,144.80,51.8,10.29
513,tiznit,0.0,MA,1514053412.0,79,28.12,-9.04,56.6,2.77
514,edd,0.0,ER,1514053412.0,52,14.46,42.39,66.0,4.34
515,qaanaaq,0.0,GL,1514053362.0,100,78.71,-70.72,-11.5,9.53
516,kishi,0.0,NG,1514053413.0,37,9.79,4.54,81.2,3.49
517,bandarbeyla,0.0,SO,1514053413.0,99,6.45,53.88,77.1,27.87
518,souillac,90.0,MU,1514052000.0,76,-56.22,74.96,50.0,4.7
519,puerto ayora,75.0,EC,1514052000.0,61,-16.28,-102.28,80.6,13.87
520,tuktoyaktuk,40.0,CA,1514052000.0,92,78.10,-127.10,12.2,16.11
521,ballater,75.0,GB,1514051400.0,71,57.02,-3.20,55.4,12.75
523,le port,8.0,RE,1514053414.0,88,-19.13,53.84,24.6,1.59
524,qaanaaq,0.0,GL,1514053362.0,100,86.85,-79.06,-11.5,9.53
525,alyangula,56.0,AU,1514053414.0,100,-14.92,138.58,83.8,8.25
526,flinders,56.0,AU,1514048400.0,100,-37.55,130.22,64.4,3.71
527,busselton,0.0,AU,1514053329.0,100,-63.23,79.07,67.6,18.21
528,adrar,0.0,DZ,1514052000.0,22,30.02,0.26,55.4,6.93
529,san patricio,92.0,MX,1514053387.0,100,3.70,-119.53,75.4,3.04
530,ushuaia,75.0,AR,1514048400.0,58,-61.80,-67.86,53.6,11.41
531,ushuaia,75.0,AR,1514048400.0,58,-65.36,-69.60,53.6,11.41
532,la rioja,92.0,AR,1514053415.0,100,-30.44,-66.35,66.6,6.51
533,bluff,0.0,NZ,1514053341.0,74,-87.91,166.37,71.9,6.4
534,yangjiang,44.0,CN,1514053415.0,98,21.48,111.83,63.7,7.63
536,rio gallegos,0.0,AR,1514048400.0,51,-49.93,-66.63,59.0,23.04
538,thunder bay,20.0,CA,1514052000.0,51,49.27,-89.36,14.0,16.11
539,bud,90.0,NO,1514051400.0,93,65.82,5.58,37.4,6.93
540,severo-kurilsk,56.0,RU,1514053339.0,100,30.58,167.83,23.6,12.1
541,maku,40.0,IR,1514047920.0,65,38.86,44.57,46.4,44.96
543,ushuaia,75.0,AR,1514048400.0,58,-67.82,-29.79,53.6,11.41
544,smoky lake,44.0,CA,1514053417.0,79,54.20,-112.48,14.4,9.53
545,biloela,0.0,AU,1514053417.0,87,-23.91,150.21,65.9,3.27
546,grindavik,75.0,IS,1514050200.0,100,52.63,-27.60,35.6,3.36
547,puerto penasco,0.0,MX,1514053418.0,100,30.75,-113.98,57.2,9.82
548,dingle,56.0,IE,1514053418.0,96,50.76,-16.23,75.9,5.39
549,verkhnyaya inta,88.0,RU,1514053418.0,87,64.26,60.98,19.7,3.49
550,nikolskoye,90.0,RU,1514050200.0,92,38.86,169.53,30.2,13.42
551,the valley,40.0,AI,1514052000.0,65,22.08,-60.55,84.2,16.11
552,ahuimanu,20.0,US,1514051820.0,69,32.88,-153.59,73.4,5.82
553,qaanaaq,0.0,GL,1514053362.0,100,80.79,-77.53,-11.5,9.53
554,byron bay,0.0,AU,1514052000.0,88,-28.63,156.68,71.6,6.93
555,quatre cocos,40.0,MU,1514048400.0,88,-18.49,66.97,77.0,5.82
556,foz,0.0,ES,1514053420.0,100,43.48,-7.14,54.3,12.77
558,albany,90.0,AU,1514052540.0,93,-79.82,108.11,39.2,5.73
559,goulburn,76.0,AU,1514053219.0,78,-34.28,149.85,59.9,2.71
560,menongue,92.0,AO,1514053420.0,84,-14.88,16.68,67.1,5.35
561,barrow,0.0,US,1514053349.0,45,71.61,-159.27,68.0,16.35
562,butaritari,88.0,KI,1514053324.0,100,29.28,171.36,82.4,18.43
563,narsaq,20.0,GL,1514051400.0,49,83.55,-66.64,26.6,3.36
564,geilo,48.0,NO,1514053421.0,86,60.24,7.77,35.7,9.53
565,mount isa,75.0,AU,1514052000.0,61,-17.17,138.89,78.8,9.26
566,butaritari,88.0,KI,1514053324.0,100,14.59,173.13,82.4,18.43
567,chokurdakh,68.0,RU,1514053421.0,78,80.07,149.20,-3.9,14.12
568,rikitea,100.0,PF,1514053325.0,100,-51.35,-132.95,77.3,10.54
569,ushuaia,75.0,AR,1514048400.0,58,-60.24,-52.81,53.6,11.41
571,derzhavinsk,92.0,KZ,1514053422.0,86,50.32,67.62,11.9,6.35
572,torbay,90.0,CA,1514052000.0,92,34.35,-47.61,26.6,6.93
573,puerto ayora,75.0,EC,1514052000.0,61,-6.67,-109.68,80.6,13.87
575,waipawa,0.0,NZ,1514053423.0,90,-46.41,179.34,53.5,4.56
577,derzhavinsk,92.0,KZ,1514053422.0,86,50.25,65.45,11.9,6.35
578,vaini,0.0,TO,1514053340.0,64,-31.49,-174.22,64.0,3.89
579,rikitea,100.0,PF,1514053325.0,100,-53.44,-131.32,77.3,10.54
580,upernavik,56.0,GL,1514053404.0,100,78.54,-49.95,13.2,3.78
581,ushuaia,75.0,AR,1514048400.0,58,-87.98,-15.06,53.6,11.41
582,carnarvon,0.0,AU,1514053423.0,12,-21.48,96.58,70.5,8.25
583,nuqui,36.0,CO,1514053424.0,100,5.52,-77.85,79.8,6.13
584,mataura,0.0,PF,1514053334.0,81,-26.67,-150.89,49.9,3.38
585,porto novo,40.0,CV,1514052000.0,40,12.83,-37.45,89.6,13.87
586,hermanus,0.0,ZA,1514053325.0,70,-81.98,-5.53,64.2,2.59
587,albany,90.0,AU,1514052540.0,93,-76.57,96.20,39.2,5.73
588,busselton,0.0,AU,1514053329.0,100,-85.42,78.93,67.6,18.21
590,bluff,0.0,NZ,1514053341.0,74,-63.99,159.53,71.9,6.4
591,urusha,32.0,RU,1514053425.0,36,55.46,122.91,-24.9,2.55
592,morshansk,76.0,RU,1514053425.0,86,53.37,41.73,20.2,4.38
593,saint george,20.0,BM,1514051400.0,74,32.25,-53.00,37.4,9.17
594,ponta do sol,92.0,CV,1514053355.0,78,17.71,-27.00,77.2,6.24
595,port alfred,88.0,ZA,1514053156.0,91,-73.67,40.00,68.6,9.64
596,usogorsk,80.0,RU,1514053425.0,91,64.58,48.47,21.9,4.0
597,rikitea,100.0,PF,1514053325.0,100,-41.45,-133.33,77.3,10.54
598,rikitea,100.0,PF,1514053325.0,100,-77.11,-127.11,77.3,10.54
599,witbank,76.0,ZA,1514053426.0,56,-25.83,29.14,72.7,1.21
